seed,weight
1,0.3568249392064613
42,0.20164042504898783
1337,0.1009148117571811
2026,0.04592863647230856
777,0.2946911875150613
