seed,weight
228,0.22646212185627038
666,0.3618334823040744
1234,1.3001955740353513e-17
1488,0.23113217322515883
9090,0.18057222261449643
