{
  "cfg": "cfg5_leafy_stoch",
  "seed": 214,
  "boosting_type": "gbdt",
  "n_splits": 5,
  "rare_classes": 0,
  "cv_acc_nonrare": 0.7916186082276048,
  "cv_logloss_nonrare": 0.6656589780672844,
  "best_iter_mean": 1287.2,
  "fold_acc": [
    0.800383877159309,
    0.7923076923076923,
    0.8057692307692308,
    0.7980769230769231,
    0.7615384615384615
  ],
  "fold_logloss": [
    0.6603514504549374,
    0.6784439526933816,
    0.646788609587789,
    0.6564582450419622,
    0.6862628393422214
  ],
  "fold_best_iter": [
    1201,
    1246,
    1254,
    1569,
    1166
  ],
  "cfg_params": {
    "boosting_type": "gbdt",
    "num_leaves": 96,
    "min_data_in_leaf": 110,
    "reg_lambda": 5.0,
    "reg_alpha": 0.0,
    "colsample_bytree": 0.62,
    "subsample": 0.7,
    "extra_trees": true,
    "max_bin": 255
  },
  "globals": {
    "EARLY_STOPPING": 450,
    "LOG_EVERY": 200,
    "N_ESTIMATORS": 30000,
    "LEARNING_RATE": 0.05,
    "DART_N_ESTIMATORS_DEFAULT": 6000,
    "DART_LEARNING_RATE_DEFAULT": 0.03
  }
}