seed,weight
743,0.15436872760074558
756,0.12257102031999073
214,0.21130834453301997
463,0.1450228211028261
235,0.3667290864434177
