{
  "cfg": "cfg3_dart",
  "seed": 743,
  "boosting_type": "dart",
  "n_splits": 5,
  "rare_classes": 0,
  "cv_acc_nonrare": 0.7950788158400616,
  "cv_logloss_nonrare": 0.6374679523405844,
  "best_iter_mean": -1.0,
  "fold_acc": [
    0.7869481765834933,
    0.7903846153846154,
    0.8173076923076923,
    0.7826923076923077,
    0.7980769230769231
  ],
  "fold_logloss": [
    0.6408860850609981,
    0.6480146477039838,
    0.5901694141512501,
    0.6767139698164957,
    0.6315490716380397
  ],
  "fold_best_iter": [
    -1,
    -1,
    -1,
    -1,
    -1
  ],
  "cfg_params": {
    "boosting_type": "dart",
    "num_leaves": 64,
    "min_data_in_leaf": 140,
    "reg_lambda": 8.0,
    "reg_alpha": 0.0,
    "colsample_bytree": 0.7,
    "subsample": 0.8,
    "extra_trees": false,
    "max_bin": 255,
    "drop_rate": 0.1,
    "skip_drop": 0.5,
    "max_drop": 50,
    "n_estimators_dart": 6000,
    "learning_rate_dart": 0.03
  },
  "globals": {
    "EARLY_STOPPING": 450,
    "LOG_EVERY": 200,
    "N_ESTIMATORS": 30000,
    "LEARNING_RATE": 0.05,
    "DART_N_ESTIMATORS_DEFAULT": 6000,
    "DART_LEARNING_RATE_DEFAULT": 0.03
  }
}