seed,weight
42,0.08487427009046541
228,0.13751806149140167
666,0.47322078235234044
1234,0.0
1488,0.27501329021350435
9090,0.029373595852288135
