seed,weight
42,0.480607144614163
1337,0.00294033532155267
2024,0.17810107958340707
777,0.33540005062565836
999,0.0029513898552190024
