seed,weight
1,0.2960949807475713
42,0.17602422653532296
1337,0.3818396029458615
2026,0.14604118977124422
777,0.0
