{
  "cfg": "cfg3_dart",
  "seed": 235,
  "boosting_type": "dart",
  "n_splits": 5,
  "rare_classes": 0,
  "cv_acc_nonrare": 0.8035371011149558,
  "cv_logloss_nonrare": 0.6245771426507438,
  "best_iter_mean": -1.0,
  "fold_acc": [
    0.7946257197696737,
    0.8211538461538461,
    0.8134615384615385,
    0.7942307692307692,
    0.7942307692307692
  ],
  "fold_logloss": [
    0.6346702423285425,
    0.5390743917653539,
    0.5773493113946919,
    0.7295549455955928,
    0.6422174123624652
  ],
  "fold_best_iter": [
    -1,
    -1,
    -1,
    -1,
    -1
  ],
  "cfg_params": {
    "boosting_type": "dart",
    "num_leaves": 64,
    "min_data_in_leaf": 140,
    "reg_lambda": 8.0,
    "reg_alpha": 0.0,
    "colsample_bytree": 0.7,
    "subsample": 0.8,
    "extra_trees": false,
    "max_bin": 255,
    "drop_rate": 0.1,
    "skip_drop": 0.5,
    "max_drop": 50,
    "n_estimators_dart": 6000,
    "learning_rate_dart": 0.03
  },
  "globals": {
    "EARLY_STOPPING": 450,
    "LOG_EVERY": 200,
    "N_ESTIMATORS": 30000,
    "LEARNING_RATE": 0.05,
    "DART_N_ESTIMATORS_DEFAULT": 6000,
    "DART_LEARNING_RATE_DEFAULT": 0.03
  }
}