seed,weight
42,0.46324309852984336
1337,2.913793338554793e-19
2024,0.18252348581625413
777,0.33811237814160394
999,0.016121037512298597
