seed,oof_logloss
42,0.6341117254400175
1337,0.6381737939679931
2026,0.6360518345426736
7777,0.6327659277559337
