seed,weight
42,0.28009522454649893
1337,0.23624482122050497
2026,0.2531207791128452
7777,0.2305391751201509
