seed,weight
1,0.3394457128304364
42,0.22130951271903315
1337,0.042436312254343564
2026,0.09332888466840099
777,0.303479577527786
