{
  "base_oof": {
    "cat": 0.5404054690436421,
    "lgb": 0.6050891260759398,
    "rf": 0.6107233042275387,
    "xgb": 0.5885254982378688
  },
  "blend": {
    "oof_logloss": 0.5369859312953966,
    "weights": [
      0.8086416584872581,
      0.16970822831634672,
      0.015970444377273074,
      0.005679668819121951
    ]
  },
  "stack_logreg": {
    "oof_logloss": 0.5780489629706842,
    "C": 2.0
  },
  "stack_hgb": {
    "oof_logloss": 0.7814159939272315,
    "params": {
      "max_depth": 3,
      "learning_rate": 0.05,
      "max_iter": 600,
      "l2_regularization": 1.0
    }
  },
  "best": {
    "method": "blend",
    "oof_logloss": 0.5369859312953966
  }
}