{
  "cfg": "cfg3_dart",
  "seed": 214,
  "boosting_type": "dart",
  "n_splits": 5,
  "rare_classes": 0,
  "cv_acc_nonrare": 0.7996924259900039,
  "cv_logloss_nonrare": 0.6401296421548421,
  "best_iter_mean": -1.0,
  "fold_acc": [
    0.817658349328215,
    0.801923076923077,
    0.8038461538461539,
    0.7961538461538461,
    0.7788461538461539
  ],
  "fold_logloss": [
    0.6249883281241241,
    0.6300911600500168,
    0.6485391470987972,
    0.6378230775001161,
    0.659235615912754
  ],
  "fold_best_iter": [
    -1,
    -1,
    -1,
    -1,
    -1
  ],
  "cfg_params": {
    "boosting_type": "dart",
    "num_leaves": 64,
    "min_data_in_leaf": 140,
    "reg_lambda": 8.0,
    "reg_alpha": 0.0,
    "colsample_bytree": 0.7,
    "subsample": 0.8,
    "extra_trees": false,
    "max_bin": 255,
    "drop_rate": 0.1,
    "skip_drop": 0.5,
    "max_drop": 50,
    "n_estimators_dart": 6000,
    "learning_rate_dart": 0.03
  },
  "globals": {
    "EARLY_STOPPING": 450,
    "LOG_EVERY": 200,
    "N_ESTIMATORS": 30000,
    "LEARNING_RATE": 0.05,
    "DART_N_ESTIMATORS_DEFAULT": 6000,
    "DART_LEARNING_RATE_DEFAULT": 0.03
  }
}