{
  "cfg": "cfg2_extratrees",
  "seed": 743,
  "boosting_type": "gbdt",
  "n_splits": 5,
  "rare_classes": 0,
  "cv_acc_nonrare": 0.7804690503652442,
  "cv_logloss_nonrare": 0.6792630615325963,
  "best_iter_mean": 1801.0,
  "fold_acc": [
    0.7888675623800384,
    0.7807692307692308,
    0.7923076923076923,
    0.7538461538461538,
    0.7865384615384615
  ],
  "fold_logloss": [
    0.6749353609870644,
    0.6965751454808827,
    0.6314091179181534,
    0.7182602566559102,
    0.6751437491220204
  ],
  "fold_best_iter": [
    2043,
    1453,
    1334,
    2078,
    2097
  ],
  "cfg_params": {
    "boosting_type": "gbdt",
    "num_leaves": 64,
    "min_data_in_leaf": 140,
    "reg_lambda": 8.0,
    "reg_alpha": 0.0,
    "colsample_bytree": 0.65,
    "subsample": 0.75,
    "extra_trees": true,
    "max_bin": 255
  },
  "globals": {
    "EARLY_STOPPING": 450,
    "LOG_EVERY": 200,
    "N_ESTIMATORS": 30000,
    "LEARNING_RATE": 0.05,
    "DART_N_ESTIMATORS_DEFAULT": 6000,
    "DART_LEARNING_RATE_DEFAULT": 0.03
  }
}