{
  "model_name": "A0_gpu_base_d6_seed228",
  "cfg": {
    "name": "A0_gpu_base_d6",
    "task_type": "GPU",
    "iterations": 7000,
    "learning_rate": 0.03,
    "depth": 6,
    "l2_leaf_reg": 14.0,
    "min_data_in_leaf": 20,
    "bootstrap_type": "Bayesian",
    "bagging_temperature": 1.0,
    "random_strength": 1.5,
    "od_wait": 250
  },
  "seed": 228,
  "n_splits": 5,
  "cv_logloss": 0.5503126315263642,
  "fold_logloss": [
    0.490072610726413,
    0.5731920044717358,
    0.5496418068922717,
    0.5220805388486685,
    0.6166920433251484
  ],
  "best_iters": [
    6533,
    4992,
    5778,
    5481,
    3525
  ],
  "best_iter_mean": 5261.8,
  "best_iter_median": 5481.0,
  "use_gpu_default": true,
  "task_type": "GPU",
  "n_features": 127,
  "n_classes": 9
}