seed,n_splits,rare_classes,cv_acc_nonrare,cv_logloss_nonrare,best_iter_mean
1,5,0,0.8027681660899654,0.6235936206149928,1013.0
42,5,0,0.7916186082276048,0.6296486253965793,971.4
1337,5,0,0.7889273356401384,0.6431532188757584,905.4
2026,5,0,0.790080738177624,0.6475544481265011,916.4
777,5,0,0.7996924259900039,0.6249617093736488,976.6
