seed,n_splits,rare_classes,cv_acc_nonrare,cv_logloss_nonrare,best_iter_mean
743,5,0,0.7854671280276817,0.656435679985369,658.0
756,5,0,0.7877739331026529,0.6665550049911558,761.8
214,5,0,0.7873894655901577,0.6558622583267621,670.4
463,5,0,0.7920030757401,0.6589766360135926,710.4
235,5,0,0.7946943483275664,0.6456166881515298,755.4
