{
  "cfg": "cfg0_safe_reg",
  "seed": 756,
  "boosting_type": "gbdt",
  "n_splits": 5,
  "rare_classes": 0,
  "cv_acc_nonrare": 0.7885428681276432,
  "cv_logloss_nonrare": 0.674580120890049,
  "best_iter_mean": 921.0,
  "fold_acc": [
    0.7946257197696737,
    0.8269230769230769,
    0.7807692307692308,
    0.7538461538461538,
    0.7865384615384615
  ],
  "fold_logloss": [
    0.7016137861245431,
    0.5688286692391752,
    0.6746646688754325,
    0.7967209475891828,
    0.6310205448041529
  ],
  "fold_best_iter": [
    996,
    1266,
    684,
    664,
    995
  ],
  "cfg_params": {
    "boosting_type": "gbdt",
    "num_leaves": 48,
    "min_data_in_leaf": 180,
    "reg_lambda": 12.0,
    "reg_alpha": 0.0,
    "colsample_bytree": 0.7,
    "subsample": 0.8,
    "extra_trees": false,
    "max_bin": 255
  },
  "globals": {
    "EARLY_STOPPING": 450,
    "LOG_EVERY": 200,
    "N_ESTIMATORS": 30000,
    "LEARNING_RATE": 0.05,
    "DART_N_ESTIMATORS_DEFAULT": 6000,
    "DART_LEARNING_RATE_DEFAULT": 0.03
  }
}