seed,weight
42,0.43603657352573993
1337,0.07700022154987549
2024,0.09078516024613435
777,0.37961110059188036
999,0.016566944086369818
