{
  "cfg": "cfg3_dart",
  "seed": 756,
  "boosting_type": "dart",
  "n_splits": 5,
  "rare_classes": 0,
  "cv_acc_nonrare": 0.7958477508650519,
  "cv_logloss_nonrare": 0.6457963081422519,
  "best_iter_mean": -1.0,
  "fold_acc": [
    0.7927063339731286,
    0.8365384615384616,
    0.8038461538461539,
    0.7480769230769231,
    0.7980769230769231
  ],
  "fold_logloss": [
    0.6500461688487728,
    0.545330416846972,
    0.6448030558976049,
    0.7823996532875624,
    0.6063940730212957
  ],
  "fold_best_iter": [
    -1,
    -1,
    -1,
    -1,
    -1
  ],
  "cfg_params": {
    "boosting_type": "dart",
    "num_leaves": 64,
    "min_data_in_leaf": 140,
    "reg_lambda": 8.0,
    "reg_alpha": 0.0,
    "colsample_bytree": 0.7,
    "subsample": 0.8,
    "extra_trees": false,
    "max_bin": 255,
    "drop_rate": 0.1,
    "skip_drop": 0.5,
    "max_drop": 50,
    "n_estimators_dart": 6000,
    "learning_rate_dart": 0.03
  },
  "globals": {
    "EARLY_STOPPING": 450,
    "LOG_EVERY": 200,
    "N_ESTIMATORS": 30000,
    "LEARNING_RATE": 0.05,
    "DART_N_ESTIMATORS_DEFAULT": 6000,
    "DART_LEARNING_RATE_DEFAULT": 0.03
  }
}